Date;Service;Ligne;Nom_ligne;TP;Nombre_voyageurs_a_lheure_pou_voyageur_retard
2013-01;RER;A;RER A;83.6;5.1
2013-01;Transilien;H;Paris Nord Ouest;93.9;15.4
2013-02;RER;C;RER C;91.8;11.2
2013-03;RER;A;RER A;84.0;5.3
2013-03;Transilien;R;Paris Sud Est;89.2;8.3
2013-05;RER;C;RER C;92.3;12.0
2013-05;RER;D;RER D;87.1;6.8
2013-05;RER;E;RER E;95.5;21.2
2013-05;Transilien;N;Paris Montparnasse;96.1;24.6
2013-06;RER;A;RER A;83.4;5.0
2013-06;Transilien;K;Paris Nord Crépy;71.9;2.6
2013-07;Transilien;L;Paris Saint-Lazare Sud;87.2;6.8
2013-07;Transilien;R;Paris Sud Est;88.5;7.7
2013-07;Transilien;U;La Verrière - La Défense;94.3;16.5
2013-08;RER;B;RER B;89.9;8.9
2013-08;Transilien;H;Paris Nord Ouest;95.4;20.7
2013-08;Transilien;N;Paris Montparnasse;96.0;24.0
2013-10;Transilien;K;Paris Nord Crépy;81.2;4.3
2013-11;RER;B;RER B;77.9;3.5
2013-12;RER;D;RER D;85.5;5.9
2013-12;Transilien;P;Paris Est;91.0;10.1
2014-01;Transilien;U;La Verrière - La Défense;93.2;13.7
2014-03;Transilien;K;Paris Nord Crépy;87.9;7.3
2014-03;Transilien;P;Paris Est;88.8;7.9
2014-04;RER;A;RER A;85.7;6.0
2014-04;RER;E;RER E;93.9;15.4
2014-04;Transilien;H;Paris Nord Ouest;95.7;22.3
2014-04;Transilien;J;Paris Saint-Lazare Nord;88.9;8.0
2014-04;Transilien;R;Paris Sud Est;88.5;7.7
2014-05;Transilien;H;Paris Nord Ouest;96.9;31.3
2014-05;Transilien;J;Paris Saint-Lazare Nord;87.1;6.8
2014-06;RER;C;RER C;87.3;6.9
2014-06;Transilien;K;Paris Nord Crépy;79.6;3.9
2014-07;Transilien;R;Paris Sud Est;89.7;8.7
2014-08;Transilien;K;Paris Nord Crépy;91.3;10.5
2014-09;Transilien;H;Paris Nord Ouest;96.3;26.0
2014-10;Transilien;H;Paris Nord Ouest;93.7;14.9
2014-11;RER;C;RER C;86.735;6.5
2014-11;Transilien;H;Paris Nord Ouest;94.748;18.0
2014-11;Transilien;U;La Verrière - La Défense;88.863;8.0
2014-12;Transilien;K;Paris Nord Crépy;83.6;5.1
2014-12;Transilien;R;Paris Sud Est;87.6;7.1
2015-01;RER;A;RER A;74.5;2.9
2015-01;RER;B;RER B;88.5;7.7
2015-01;Transilien;J;Paris Saint-Lazare Nord;87.233;6.8
2015-02;Transilien;N;Paris Montparnasse;93.771;15.1
2015-02;Transilien;R;Paris Sud Est;91.222;10.4
2015-03;RER;D;RER D;86.308;6.3
2015-03;RER;E;RER E;96.326;26.2
2015-03;Transilien;J;Paris Saint-Lazare Nord;87.498;7.0
2015-03;Transilien;U;La Verrière - La Défense;95.922;23.5
2015-04;Transilien;L;Paris Saint-Lazare Sud;81.752;4.5
2015-04;Transilien;P;Paris Est;87.956;7.3
2015-05;RER;C;RER C;91.445;10.7
2015-05;Transilien;N;Paris Montparnasse;93.781;15.1
2015-06;Transilien;U;La Verrière - La Défense;93.659;14.8
2015-07;RER;D;RER D;87.7;7.1
2015-07;Transilien;J;Paris Saint-Lazare Nord;86.9;6.6
2015-07;Transilien;K;Paris Nord Crépy;89.4;8.4
2015-08;RER;A;RER A;82.997;4.9
2015-08;RER;C;RER C;93.1;13.5
2015-08;RER;E;RER E;94.7;17.9
2015-08;Transilien;P;Paris Est;90.8;9.9
2015-08;Transilien;U;La Verrière - La Défense;95.9;23.4
2015-09;Transilien;H;Paris Nord Ouest;95.658;22.0
2015-09;Transilien;N;Paris Montparnasse;92.971;13.2
2015-10;Transilien;U;La Verrière - La Défense;91.457;10.7
2015-11;RER;D;RER D;81.6;4.4
2015-11;Transilien;R;Paris Sud Est;82.2;4.6
2015-11;Transilien;U;La Verrière - La Défense;90.5;9.5
2015-12;RER;D;RER D;88.5;7.7
2015-12;RER;E;RER E;95.5;21.2
2016-01;RER;E;RER E;95.1;19.4
2016-01;Transilien;R;Paris Sud Est;87.2;6.8
2016-01;Transilien;U;La Verrière - La Défense;94.1;15.9
2016-02;Transilien;J;Paris Saint-Lazare Nord;91.5;10.8
2016-02;Transilien;N;Paris Montparnasse;93.7;14.9
2016-03;RER;A;RER A;72.2;2.6
2016-03;Transilien;J;Paris Saint-Lazare Nord;91.1;10.2
2016-03;Transilien;L;Paris Saint-Lazare Sud;89.9;8.9
2016-04;RER;A;RER A;72.6;2.6
2016-04;RER;B;RER B;90.1;9.1
2016-04;RER;D;RER D;89.2;8.3
2016-04;Transilien;J;Paris Saint-Lazare Nord;91.0;10.1
2016-05;RER;C;RER C;88.6;7.8
2016-05;RER;D;RER D;85.7;6.0
2016-05;RER;E;RER E;91.0;10.1
2016-05;Transilien;K;Paris Nord Crépy;92.3;12.0
2016-06;RER;C;RER C;88.1;7.4
2016-06;Transilien;K;Paris Nord Crépy;89.4;8.4
2016-07;RER;B;RER B;87.8;7.2
2016-07;Transilien;H;Paris Nord Ouest;91.8;11.2
2016-07;Transilien;R;Paris Sud Est;86.7;6.5
2016-08;RER;A;RER A;82.3;4.6
2016-08;RER;C;RER C;90.3;9.3
2016-08;RER;E;RER E;92.7;12.7
2016-08;Transilien;H;Paris Nord Ouest;95.1;19.4
2016-08;Transilien;P;Paris Est;87.6;7.1
2016-08;Transilien;U;La Verrière - La Défense;93.2;13.7
2016-09;RER;B;RER B;87.8;7.2
2016-09;Transilien;H;Paris Nord Ouest;96.4;26.8
2016-09;Transilien;J;Paris Saint-Lazare Nord;92.1;11.7
2016-09;Transilien;L;Paris Saint-Lazare Sud;90.7;9.8
2016-09;Transilien;P;Paris Est;93.0;13.3
2016-09;Transilien;U;La Verrière - La Défense;92.4;12.2
2016-10;RER;E;RER E;93.0;13.3
2016-10;Transilien;K;Paris Nord Crépy;95.4;20.7
2016-10;Transilien;U;La Verrière - La Défense;94.6;17.5
2016-12;Transilien;K;Paris Nord Crépy;86.5;6.4
2016-12;Transilien;R;Paris Sud Est;88.6;7.8
2016-12;Transilien;U;La Verrière - La Défense;94.5;17.2
2017-01;RER;B;RER B;87.8;7.2
2017-01;RER;C;RER C;87.3;6.9
2017-01;Transilien;J;Paris Saint-Lazare Nord;88.8;7.9
2017-02;Transilien;H;Paris Nord Ouest;93.1;13.5
2017-03;RER;B;RER B;83.8;5.2
2017-03;Transilien;N;Paris Montparnasse;93.4;14.2
2017-04;RER;B;RER B;84.2;5.3
2017-04;Transilien;L;Paris Saint-Lazare Sud;92.3;12.0
2017-05;RER;B;RER B;82.258;4.6
2017-06;RER;A;RER A;69.948;2.3
2017-06;RER;B;RER B;88.535;7.7
2017-06;RER;D;RER D;82.962;4.9
2017-06;Transilien;K;Paris Nord Crépy;95.264;20.1
2017-06;Transilien;P;Paris Est;82.038;4.6
2017-06;Transilien;R;Paris Sud Est;76.235;3.2
2017-07;RER;A;RER A;70.835;2.4
2017-08;Transilien;K;Paris Nord Crépy;94.5;17.2
2017-09;RER;E;RER E;95.0;19.0
2013-01;RER;B;RER B;80.1;4.0
2017-09;Transilien;U;La Verrière - La Défense;93.0;13.3
2013-02;RER;E;RER E;94.7;17.9
2017-10;RER;B;RER B;79.7;3.9
2013-02;Transilien;J;Paris Saint-Lazare Nord;88.1;7.4
2017-10;Transilien;J;Paris Saint-Lazare Nord;90.2;9.2
2013-02;Transilien;K;Paris Nord Crépy;75.2;3.0
2017-11;RER;E;RER E;92.0;11.5
2013-03;Transilien;H;Paris Nord Ouest;92.3;12.0
2017-11;Transilien;J;Paris Saint-Lazare Nord;87.4;6.9
2013-04;RER;A;RER A;83.3;5.0
2017-11;Transilien;R;Paris Sud Est;79.3;3.8
2013-04;Transilien;J;Paris Saint-Lazare Nord;85.0;5.7
2017-12;RER;A;RER A;77.1;3.4
2013-04;Transilien;K;Paris Nord Crépy;82.0;4.6
2017-12;Transilien;R;Paris Sud Est;85.5;5.9
2013-04;Transilien;R;Paris Sud Est;89.3;8.3
2018-01;RER;C;RER C;88.1;7.4
2013-04;Transilien;U;La Verrière - La Défense;90.1;9.1
2018-01;RER;E;RER E;93.6;14.6
2013-05;Transilien;J;Paris Saint-Lazare Nord;91.5;10.8
2018-01;Transilien;R;Paris Sud Est;81.7;4.5
2013-06;RER;E;RER E;93.9;15.4
2018-02;RER;A;RER A;77.4;3.4
2013-06;Transilien;H;Paris Nord Ouest;94.1;15.9
2018-02;RER;D;RER D;80.4;4.1
2013-07;RER;B;RER B;84.1;5.3
2018-02;Transilien;H;Paris Nord Ouest;90.3;9.3
2013-07;Transilien;J;Paris Saint-Lazare Nord;87.0;6.7
2018-02;Transilien;P;Paris Est;76.3;3.2
2013-07;Transilien;N;Paris Montparnasse;93.2;13.7
2018-03;Transilien;N;Paris Montparnasse;89.5;8.5
2013-08;RER;C;RER C;93.4;14.2
2018-04;RER;B;RER B;87.4;6.9
2013-08;Transilien;J;Paris Saint-Lazare Nord;89.2;8.3
2018-04;Transilien;N;Paris Montparnasse;91.2;10.4
2013-09;RER;A;RER A;83.3;5.0
2018-04;Transilien;R;Paris Sud Est;85.6;5.9
2013-10;RER;C;RER C;85.6;5.9
2018-04;Transilien;U;La Verrière - La Défense;92.9;13.1
2013-10;Transilien;J;Paris Saint-Lazare Nord;83.2;5.0
2018-05;Transilien;R;Paris Sud Est;85.9;6.1
2013-10;Transilien;U;La Verrière - La Défense;91.6;10.9
2018-06;RER;D;RER D;84.4;5.4
2013-11;RER;C;RER C;85.5;5.9
2018-06;Transilien;N;Paris Montparnasse;89.6;8.6
2013-11;RER;E;RER E;92.0;11.5
2018-06;Transilien;R;Paris Sud Est;81.1;4.3
2013-11;Transilien;J;Paris Saint-Lazare Nord;80.7;4.2
2018-07;RER;B;RER B;85.9;6.1
2013-11;Transilien;N;Paris Montparnasse;88.1;7.4
2018-07;RER;D;RER D;81.3;4.3
2013-11;Transilien;R;Paris Sud Est;82.5;4.7
2018-07;Transilien;J;Paris Saint-Lazare Nord;89.4;8.4
2013-12;RER;B;RER B;82.4;4.7
2018-08;RER;A;RER A;91.8;11.2
2013-12;RER;E;RER E;94.9;18.6
2018-08;RER;D;RER D;88.0;7.3
2013-12;Transilien;K;Paris Nord Crépy;83.1;4.9
2018-09;RER;A;RER A;82.2;4.6
2013-12;Transilien;R;Paris Sud Est;90.2;9.2
2018-09;RER;B;RER B;87.0;6.7
2013-12;Transilien;U;La Verrière - La Défense;90.6;9.6
2018-09;Transilien;H;Paris Nord Ouest;95.9;23.4
2014-01;Transilien;H;Paris Nord Ouest;95.9;23.4
2018-09;Transilien;L;Paris Saint-Lazare Sud;90.7;9.8
2014-01;Transilien;K;Paris Nord Crépy;76.6;3.3
2018-09;Transilien;U;La Verrière - La Défense;93.6;14.6
2014-01;Transilien;R;Paris Sud Est;89.7;8.7
2018-10;RER;A;RER A;80.85;4.2
2014-02;RER;D;RER D;88.2;7.5
2018-10;RER;B;RER B;84.72;5.5
2014-02;RER;E;RER E;95.0;19.0
2018-10;RER;D;RER D;83.5;5.1
2014-02;Transilien;J;Paris Saint-Lazare Nord;85.4;5.8
2018-10;Transilien;H;Paris Nord Ouest;94.5;17.2
2013-01;Transilien;P;Paris Est;85.8;6.0
2014-02;Transilien;N;Paris Montparnasse;95.1;19.4
2018-10;Transilien;N;Paris Montparnasse;90.8;9.9
2013-02;RER;B;RER B;80.3;4.1
2014-03;Transilien;J;Paris Saint-Lazare Nord;87.1;6.8
2018-11;RER;A;RER A;83.13;4.9
2013-02;Transilien;H;Paris Nord Ouest;92.7;12.7
2014-03;Transilien;N;Paris Montparnasse;95.4;20.7
2018-11;RER;D;RER D;77.4;3.4
2013-02;Transilien;N;Paris Montparnasse;93.3;13.9
2014-04;RER;D;RER D;88.5;7.7
2018-11;RER;E;RER E;93.4;14.2
2013-02;Transilien;R;Paris Sud Est;88.2;7.5
2014-04;Transilien;L;Paris Saint-Lazare Sud;86.7;6.5
2018-12;RER;B;RER B;85.6;5.9
2013-03;RER;D;RER D;80.0;4.0
2014-04;Transilien;N;Paris Montparnasse;95.8;22.8
2018-12;Transilien;K;Paris Nord Crépy;93.0;13.3
2013-03;RER;E;RER E;92.9;13.1
2014-05;RER;A;RER A;87.6;7.1
2019-01;RER;B;RER B;83.9;5.2
2013-03;Transilien;J;Paris Saint-Lazare Nord;84.2;5.3
2014-05;RER;B;RER B;89.4;8.4
2019-01;RER;C;RER C;88.1;7.4
2013-03;Transilien;L;Paris Saint-Lazare Sud;81.8;4.5
2014-06;RER;B;RER B;;0.0
2019-02;RER;B;RER B;84.5;5.5
2013-03;Transilien;N;Paris Montparnasse;89.1;8.2
2014-06;RER;E;RER E;95.4;20.7
2019-02;RER;C;RER C;85.672;6.0
2013-04;Transilien;H;Paris Nord Ouest;94.6;17.5
2014-06;Transilien;H;Paris Nord Ouest;93.9;15.4
2019-02;RER;D;RER D;85.574;5.9
2013-05;RER;A;RER A;86.4;6.4
2014-07;RER;B;RER B;86.9;6.6
2019-02;RER;E;RER E;93.053;13.4
2013-05;Transilien;K;Paris Nord Crépy;81.3;4.3
2014-07;RER;E;RER E;92.5;12.3
2019-03;Transilien;N;Paris Montparnasse;93.055;13.4
2013-05;Transilien;L;Paris Saint-Lazare Sud;90.6;9.6
2014-07;Transilien;H;Paris Nord Ouest;93.1;13.5
2019-03;Transilien;U;La Verrière - La Défense;95.945;23.7
2013-05;Transilien;U;La Verrière - La Défense;95.3;20.3
2014-07;Transilien;U;La Verrière - La Défense;93.3;13.9
2019-04;RER;E;RER E;90.883;10.0
2013-06;RER;B;RER B;82.2;4.6
2014-08;Transilien;P;Paris Est;92.6;12.5
2019-04;Transilien;K;Paris Nord Crépy;96.654;28.9
2013-06;Transilien;N;Paris Montparnasse;93.9;15.4
2014-08;Transilien;R;Paris Sud Est;93.2;13.7
2019-07;RER;D;RER D;85.101;5.7
2013-06;Transilien;R;Paris Sud Est;89.5;8.5
2014-08;Transilien;U;La Verrière - La Défense;95.4;20.7
2019-08;RER;A;RER A;94.061;15.8
2013-06;Transilien;U;La Verrière - La Défense;93.2;13.7
2014-09;RER;B;RER B;87.4;6.9
2019-08;Transilien;K;Paris Nord Crépy;95.431;20.9
2013-08;RER;D;RER D;90.4;9.4
2014-09;RER;C;RER C;92.9;13.1
2019-09;Transilien;H;Paris Nord Ouest;96.494;27.5
2013-08;Transilien;L;Paris Saint-Lazare Sud;89.9;8.9
2014-09;RER;D;RER D;87.0;6.7
2019-09;Transilien;L;Paris Saint-Lazare Sud;93.834;15.2
2013-08;Transilien;R;Paris Sud Est;92.0;11.5
2014-09;RER;E;RER E;96.0;24.0
2019-09;Transilien;N;Paris Montparnasse;93.2;13.7
2013-09;RER;D;RER D;83.1;4.9
2014-09;Transilien;J;Paris Saint-Lazare Nord;84.6;5.5
2019-09;Transilien;P;Paris Est;85.931;6.1
2013-09;RER;E;RER E;96.8;30.3
2014-09;Transilien;N;Paris Montparnasse;91.6;10.9
2019-09;Transilien;U;La Verrière - La Défense;95.86;23.2
2013-09;Transilien;H;Paris Nord Ouest;95.4;20.7
2014-10;RER;B;RER B;85.5;5.9
2019-10;RER;B;RER B;76.488;3.3
2013-09;Transilien;J;Paris Saint-Lazare Nord;88.8;7.9
2014-10;RER;C;RER C;84.1;5.3
2019-10;Transilien;J;Paris Saint-Lazare Nord;86.439;6.4
2013-09;Transilien;R;Paris Sud Est;89.6;8.6
2014-10;RER;D;RER D;81.4;4.4
2019-10;Transilien;L;Paris Saint-Lazare Sud;89.837;8.8
2013-10;RER;A;RER A;83.1;4.9
2014-10;Transilien;R;Paris Sud Est;77.9;3.5
2019-10;Transilien;N;Paris Montparnasse;87.745;7.2
2013-10;Transilien;R;Paris Sud Est;89.4;8.4
2014-10;Transilien;U;La Verrière - La Défense;93.6;14.6
2019-10;Transilien;P;Paris Est;88.893;8.0
2013-11;RER;D;RER D;76.9;3.3
2014-11;RER;B;RER B;86.1;6.2
2019-10;Transilien;U;La Verrière - La Défense;91.795;11.2
2013-12;Transilien;H;Paris Nord Ouest;94.7;17.9
2014-12;RER;A;RER A;67.3;2.1
2019-11;Transilien;L;Paris Saint-Lazare Sud;91.801;11.2
2014-01;Transilien;P;Paris Est;91.0;10.1
2014-12;Transilien;U;La Verrière - La Défense;91.8;11.2
2020-02;Transilien;J;Paris Saint-Lazare Nord;86.88;6.622
2014-02;RER;B;RER B;88.9;8.0
2015-01;Transilien;P;Paris Est;90.949;10.0
2020-02;Transilien;L;Paris Saint-Lazare Sud;92.863;13.011
2014-02;Transilien;K;Paris Nord Crépy;84.4;5.4
2015-01;Transilien;U;La Verrière - La Défense;94.673;17.8
2020-03;RER;B;RER B;73.521;2.777
2014-02;Transilien;L;Paris Saint-Lazare Sud;83.1;4.9
2015-02;RER;A;RER A;73.095;2.7
2020-03;RER;C;RER C;93.441;14.246
2014-03;RER;A;RER A;83.3;5.0
2015-02;Transilien;J;Paris Saint-Lazare Nord;85.058;5.7
2020-03;RER;D;RER D;84.696;5.534
2014-03;RER;B;RER B;87.9;7.3
2015-02;Transilien;L;Paris Saint-Lazare Sud;81.819;4.5
2020-03;Transilien;K;Paris Nord Crépy;91.071;10.2
2014-03;RER;C;RER C;91.5;10.8
2015-02;Transilien;P;Paris Est;92.771;12.8
2020-03;Transilien;P;Paris Est;88.686;7.838
2014-03;Transilien;L;Paris Saint-Lazare Sud;88.2;7.5
2015-03;Transilien;K;Paris Nord Crépy;88.119;7.4
2020-06;Transilien;U;La Verrière - La Défense;95.482;21.132
2014-04;RER;C;RER C;91.6;10.9
2015-03;Transilien;L;Paris Saint-Lazare Sud;82.902;4.8
2020-07;Transilien;H;Paris Nord Ouest;94.199;16.237
2014-05;RER;C;RER C;91.7;11.0
2015-03;Transilien;N;Paris Montparnasse;94.754;18.1
2020-07;Transilien;K;Paris Nord Crépy;93.239;13.791
2014-05;Transilien;P;Paris Est;92.7;12.7
2015-04;RER;A;RER A;71.977;2.6
2020-07;Transilien;N;Paris Montparnasse;94.142;16.072
2014-05;Transilien;R;Paris Sud Est;89.7;8.7
2015-04;Transilien;N;Paris Montparnasse;93.906;15.4
2020-08;RER;B;RER B;76.672;3.287
2014-06;RER;A;RER A;72.6;2.6
2015-05;RER;E;RER E;95.987;23.9
2020-08;RER;C;RER C;93.157;13.614
2014-06;Transilien;J;Paris Saint-Lazare Nord;84.9;5.6
2015-06;RER;B;RER B;84.971;5.7
2020-08;RER;D;RER D;87.498;6.999
2014-06;Transilien;L;Paris Saint-Lazare Sud;84.0;5.3
2015-06;Transilien;L;Paris Saint-Lazare Sud;82.635;4.8
2020-09;RER;C;RER C;91.069;10.197
2014-06;Transilien;N;Paris Montparnasse;94.7;17.9
2015-07;RER;B;RER B;90.9;10.0
2020-09;RER;D;RER D;87.593;7.06
2014-06;Transilien;P;Paris Est;89.4;8.4
2015-07;Transilien;P;Paris Est;90.1;9.1
2020-09;Transilien;H;Paris Nord Ouest;94.268;16.445
2014-07;Transilien;L;Paris Saint-Lazare Sud;85.5;5.9
2015-08;RER;D;RER D;91.5;10.8
2020-09;Transilien;L;Paris Saint-Lazare Sud;94.426;16.939
2014-08;RER;A;RER A;81.2;4.3
2015-08;Transilien;H;Paris Nord Ouest;96.3;26.0
2020-11;RER;C;RER C;91.637;10.958
2014-08;RER;D;RER D;92.0;11.5
2015-08;Transilien;J;Paris Saint-Lazare Nord;90.0;9.0
2020-11;Transilien;H;Paris Nord Ouest;95.565;21.548
2014-08;Transilien;H;Paris Nord Ouest;95.5;21.2
2015-09;RER;A;RER A;69.995;2.3
2020-11;Transilien;P;Paris Est;93.767;15.044
2014-08;Transilien;N;Paris Montparnasse;94.0;15.7
2015-09;Transilien;P;Paris Est;86.054;6.2
2020-12;RER;A;RER A;88.737;7.879
2014-09;Transilien;L;Paris Saint-Lazare Sud;85.7;6.0
2015-09;Transilien;R;Paris Sud Est;89.617;8.6
2020-12;RER;B;RER B;88.286;7.537
2014-09;Transilien;U;La Verrière - La Défense;95.9;23.4
2015-09;Transilien;U;La Verrière - La Défense;92.786;12.9
2020-12;RER;C;RER C;92.309;12.003
2014-10;RER;A;RER A;68.8;2.2
2015-10;RER;C;RER C;88.034;7.4
2020-12;Transilien;L;Paris Saint-Lazare Sud;93.937;15.493
2014-10;Transilien;K;Paris Nord Crépy;86.5;6.4
2015-10;Transilien;H;Paris Nord Ouest;93.511;14.4
2021-02;RER;B;RER B;83.125;4.926
2014-10;Transilien;N;Paris Montparnasse;91.0;10.1
2015-10;Transilien;K;Paris Nord Crépy;90.205;9.2
2021-02;RER;D;RER D;85.731;6.008
2014-10;Transilien;P;Paris Est;90.7;9.8
2015-10;Transilien;L;Paris Saint-Lazare Sud;82.69;4.8
2021-02;RER;E;RER E;94.078;15.887
2014-11;Transilien;R;Paris Sud Est;84.876;5.6
2015-11;RER;E;RER E;92.9;13.1
2021-02;Transilien;H;Paris Nord Ouest;95.113;19.464
2014-12;RER;B;RER B;84.6;5.5
2015-11;Transilien;H;Paris Nord Ouest;94.3;16.5
2021-03;RER;A;RER A;88.795;7.924
2014-12;RER;C;RER C;89.3;8.3
2015-11;Transilien;L;Paris Saint-Lazare Sud;80.6;4.2
2021-03;Transilien;P;Paris Est;92.286;11.963
2014-12;RER;D;RER D;84.2;5.3
2015-12;RER;B;RER B;87.995;7.3
2021-03;Transilien;R;Paris Sud Est;89.093;8.168
2014-12;Transilien;J;Paris Saint-Lazare Nord;84.3;5.4
2015-12;Transilien;N;Paris Montparnasse;92.6;12.5
2021-04;RER;B;RER B;88.612;7.781
2014-12;Transilien;N;Paris Montparnasse;94.0;15.7
2015-12;Transilien;P;Paris Est;92.5;12.3
2021-05;RER;A;RER A;93.766;15.041
2014-12;Transilien;P;Paris Est;88.7;7.8
2015-12;Transilien;U;La Verrière - La Défense;92.9;13.1
2021-05;RER;C;RER C;92.896;13.076
2015-01;Transilien;H;Paris Nord Ouest;95.565;21.5
2016-01;Transilien;L;Paris Saint-Lazare Sud;89.0;8.1
2021-06;Transilien;N;Paris Montparnasse;92.274;11.944
2015-01;Transilien;N;Paris Montparnasse;93.886;15.4
2016-01;Transilien;P;Paris Est;89.5;8.5
2021-06;Transilien;R;Paris Sud Est;89.928;8.928
2015-01;Transilien;R;Paris Sud Est;89.231;8.3
2016-02;Transilien;R;Paris Sud Est;88.1;7.4
2021-07;RER;E;RER E;91.978;11.466
2015-03;RER;C;RER C;88.916;8.0
2016-03;Transilien;N;Paris Montparnasse;93.2;13.7
2021-07;Transilien;K;Paris Nord Crépy;93.304;13.935
2015-03;Transilien;H;Paris Nord Ouest;96.064;24.4
2016-04;RER;E;RER E;93.7;14.9
2021-08;Transilien;U;La Verrière - La Défense;97.784;44.135
2015-04;RER;C;RER C;89.282;8.3
2016-04;Transilien;L;Paris Saint-Lazare Sud;89.4;8.4
2021-09;RER;A;RER A;86.326;6.313
2015-04;RER;E;RER E;90.539;9.6
2016-04;Transilien;N;Paris Montparnasse;94.3;16.5
2021-09;RER;B;RER B;81.033;4.272
2015-05;RER;A;RER A;71.217;2.5
2016-04;Transilien;P;Paris Est;89.4;8.4
2021-09;Transilien;R;Paris Sud Est;88.138;7.43
2015-05;RER;B;RER B;86.995;6.7
2016-05;RER;A;RER A;75.3;3.0
2021-09;Transilien;U;La Verrière - La Défense;95.151;19.625
2015-05;Transilien;H;Paris Nord Ouest;95.938;23.6
2016-05;Transilien;U;La Verrière - La Défense;93.5;14.4
2021-10;Transilien;J;Paris Saint-Lazare Nord;91.842;11.258
2015-06;RER;A;RER A;71.15;2.5
2016-06;Transilien;J;Paris Saint-Lazare Nord;90.5;9.5
2021-10;Transilien;U;La Verrière - La Défense;93.772;15.055
2015-06;RER;C;RER C;86.173;6.2
2016-06;Transilien;L;Paris Saint-Lazare Sud;88.3;7.5
2021-12;RER;B;RER B;82.741;4.794
2015-06;RER;D;RER D;82.81;4.8
2016-06;Transilien;P;Paris Est;90.1;9.1
2021-12;Transilien;J;Paris Saint-Lazare Nord;94.681;17.801
2015-06;RER;E;RER E;93.059;13.4
2016-06;Transilien;U;La Verrière - La Défense;91.0;10.1
2021-12;Transilien;N;Paris Montparnasse;95.717;22.347
2015-06;Transilien;H;Paris Nord Ouest;92.322;12.0
2016-07;RER;C;RER C;86.4;6.4
2015-06;Transilien;K;Paris Nord Crépy;90.043;9.0
2016-07;Transilien;J;Paris Saint-Lazare Nord;87.2;6.8
2015-06;Transilien;R;Paris Sud Est;85.187;5.8
2016-07;Transilien;K;Paris Nord Crépy;86.9;6.6
2015-07;Transilien;H;Paris Nord Ouest;92.8;12.9
2016-07;Transilien;P;Paris Est;86.4;6.4
2015-07;Transilien;L;Paris Saint-Lazare Sud;78.5;3.7
2016-09;RER;D;RER D;85.8;6.0
2015-08;RER;B;RER B;92.918;13.1
2016-09;RER;E;RER E;94.4;16.9
2015-08;Transilien;K;Paris Nord Crépy;87.6;7.1
2016-10;Transilien;N;Paris Montparnasse;93.7;14.9
2015-08;Transilien;R;Paris Sud Est;91.2;10.4
2016-11;RER;B;RER B;82.0;4.6
2015-09;RER;B;RER B;89.361;8.4
2016-11;Transilien;H;Paris Nord Ouest;94.4;16.9
2015-09;Transilien;K;Paris Nord Crépy;87.9;7.3
2016-11;Transilien;R;Paris Sud Est;83.8;5.2
2015-10;RER;A;RER A;65.83;1.9
2016-11;Transilien;U;La Verrière - La Défense;93.3;13.9
2015-10;Transilien;P;Paris Est;90.725;9.8
2016-12;Transilien;J;Paris Saint-Lazare Nord;88.5;7.7
2015-11;RER;A;RER A;67.1;2.0
2017-01;RER;A;RER A;68.25;2.1
2015-11;Transilien;J;Paris Saint-Lazare Nord;88.3;7.5
2017-01;RER;D;RER D;85.2;5.8
2015-11;Transilien;K;Paris Nord Crépy;85.0;5.7
2017-01;Transilien;H;Paris Nord Ouest;94.4;16.9
2015-11;Transilien;N;Paris Montparnasse;88.5;7.7
2017-01;Transilien;N;Paris Montparnasse;86.6;6.5
2015-12;Transilien;J;Paris Saint-Lazare Nord;89.7;8.7
2017-01;Transilien;P;Paris Est;89.6;8.6
2015-12;Transilien;L;Paris Saint-Lazare Sud;88.1;7.4
2017-02;RER;A;RER A;69.35;2.3
2015-12;Transilien;R;Paris Sud Est;86.9;6.6
2017-02;RER;B;RER B;89.8;8.8
2016-01;Transilien;J;Paris Saint-Lazare Nord;91.6;10.9
2017-02;RER;D;RER D;87.0;6.7
2016-02;RER;A;RER A;71.7;2.5
2017-02;Transilien;J;Paris Saint-Lazare Nord;92.5;12.3
2016-02;RER;C;RER C;88.5;7.7
2017-02;Transilien;R;Paris Sud Est;89.6;8.6
2016-02;RER;D;RER D;86.7;6.5
2017-03;RER;D;RER D;82.9;4.8
2016-03;RER;C;RER C;88.3;7.5
2017-04;Transilien;N;Paris Montparnasse;93.9;15.4
2016-03;Transilien;P;Paris Est;89.2;8.3
2017-04;Transilien;U;La Verrière - La Défense;94.8;18.2
2016-03;Transilien;U;La Verrière - La Défense;93.5;14.4
2017-05;RER;C;RER C;86.672;6.5
2016-04;Transilien;H;Paris Nord Ouest;96.4;26.8
2017-05;Transilien;L;Paris Saint-Lazare Sud;88.916;8.0
2016-04;Transilien;U;La Verrière - La Défense;95.8;22.8
2017-05;Transilien;P;Paris Est;91.442;10.7
2016-05;Transilien;R;Paris Sud Est;81.1;4.3
2017-06;Transilien;L;Paris Saint-Lazare Sud;86.837;6.6
2016-06;RER;A;RER A;70.7;2.4
2017-07;Transilien;H;Paris Nord Ouest;93.308;13.9
2016-06;RER;D;RER D;83.0;4.9
2017-07;Transilien;L;Paris Saint-Lazare Sud;89.264;8.3
2016-06;RER;E;RER E;93.0;13.3
2017-08;RER;C;RER C;93.8;15.1
2016-06;Transilien;R;Paris Sud Est;84.5;5.5
2017-08;Transilien;J;Paris Saint-Lazare Nord;91.4;10.6
2016-08;RER;B;RER B;93.19;13.7
2017-08;Transilien;L;Paris Saint-Lazare Sud;92.5;12.3
2016-08;RER;D;RER D;89.8;8.8
2017-09;RER;A;RER A;72.9;2.7
2016-08;Transilien;L;Paris Saint-Lazare Sud;87.8;7.2
2017-09;Transilien;H;Paris Nord Ouest;96.6;28.4
2016-09;Transilien;N;Paris Montparnasse;90.8;9.9
2017-09;Transilien;J;Paris Saint-Lazare Nord;89.9;8.9
2016-10;RER;A;RER A;70.6;2.4
2017-09;Transilien;N;Paris Montparnasse;90.7;9.8
2016-10;RER;C;RER C;89.2;8.3
2017-09;Transilien;P;Paris Est;93.8;15.1
2016-10;Transilien;L;Paris Saint-Lazare Sud;88.2;7.5
2017-10;RER;D;RER D;83.0;4.9
2016-10;Transilien;P;Paris Est;90.7;9.8
2017-10;Transilien;H;Paris Nord Ouest;92.5;12.3
2016-11;RER;D;RER D;83.4;5.0
2017-10;Transilien;L;Paris Saint-Lazare Sud;86.4;6.4
2016-11;Transilien;L;Paris Saint-Lazare Sud;86.0;6.1
2017-10;Transilien;N;Paris Montparnasse;90.4;9.4
2016-11;Transilien;N;Paris Montparnasse;86.2;6.2
2017-11;Transilien;L;Paris Saint-Lazare Sud;83.1;4.9
2016-12;RER;B;RER B;81.7;4.5
2017-11;Transilien;N;Paris Montparnasse;86.2;6.2
2016-12;RER;D;RER D;80.8;4.2
2017-11;Transilien;P;Paris Est;89.7;8.7
2016-12;Transilien;H;Paris Nord Ouest;58.1;1.4
2017-11;Transilien;U;La Verrière - La Défense;89.1;8.2
2016-12;Transilien;L;Paris Saint-Lazare Sud;89.5;8.5
2018-01;RER;B;RER B;88.5;7.7
2016-12;Transilien;N;Paris Montparnasse;90.1;9.1
2018-01;RER;D;RER D;84.9;5.6
2016-12;Transilien;P;Paris Est;90.7;9.8
2018-01;Transilien;K;Paris Nord Crépy;91.6;10.9
2017-01;RER;E;RER E;92.3;12.0
2018-01;Transilien;P;Paris Est;90.8;9.9
2017-01;Transilien;L;Paris Saint-Lazare Sud;87.0;6.7
2018-02;Transilien;R;Paris Sud Est;73.2;2.7
2017-02;RER;C;RER C;83.4;5.0
2018-03;RER;D;RER D;82.2;4.6
2017-02;Transilien;L;Paris Saint-Lazare Sud;90.1;9.1
2018-03;Transilien;U;La Verrière - La Défense;92.7;12.7
2017-02;Transilien;N;Paris Montparnasse;89.9;8.9
2018-04;Transilien;K;Paris Nord Crépy;90.6;9.6
2017-03;Transilien;K;Paris Nord Crépy;92.9;13.1
2018-04;Transilien;P;Paris Est;95.3;20.3
2017-03;Transilien;P;Paris Est;93.2;13.7
2018-05;RER;D;RER D;85.4;5.8
2017-03;Transilien;R;Paris Sud Est;86.3;6.3
2018-05;RER;E;RER E;95.6;21.7
2017-03;Transilien;U;La Verrière - La Défense;94.8;18.2
2018-05;Transilien;L;Paris Saint-Lazare Sud;91.5;10.8
2017-04;RER;A;RER A;73.9;2.8
2018-06;RER;B;RER B;87.4;6.9
2017-04;RER;C;RER C;85.9;6.1
2018-06;Transilien;H;Paris Nord Ouest;92.2;11.8
2017-04;Transilien;P;Paris Est;94.4;16.9
2018-06;Transilien;J;Paris Saint-Lazare Nord;94.0;15.7
2017-06;RER;E;RER E;86.617;6.5
2018-07;RER;A;RER A;78.5;3.7
2017-07;RER;B;RER B;88.586;7.8
2018-07;Transilien;K;Paris Nord Crépy;90.2;9.2
2017-07;RER;D;RER D;83.497;5.1
2018-07;Transilien;P;Paris Est;88.2;7.5
2017-07;Transilien;K;Paris Nord Crépy;90.507;9.5
2018-08;RER;C;RER C;92.4;12.2
2017-07;Transilien;N;Paris Montparnasse;88.009;7.3
2018-08;Transilien;K;Paris Nord Crépy;89.0;8.1
2017-07;Transilien;R;Paris Sud Est;74.458;2.9
2018-08;Transilien;L;Paris Saint-Lazare Sud;95.9;23.4
2017-08;Transilien;R;Paris Sud Est;86.4;6.4
2018-08;Transilien;P;Paris Est;93.3;13.9
2017-09;RER;B;RER B;87.3;6.9
2018-08;Transilien;U;La Verrière - La Défense;90.8;9.9
2017-09;Transilien;K;Paris Nord Crépy;93.2;13.7
2018-09;Transilien;N;Paris Montparnasse;91.1;10.2
2017-09;Transilien;R;Paris Sud Est;80.9;4.2
2018-09;Transilien;P;Paris Est;91.8;11.2
2017-10;Transilien;K;Paris Nord Crépy;92.2;11.8
2018-10;RER;E;RER E;90.2;9.2
2017-10;Transilien;P;Paris Est;86.7;6.5
2018-12;Transilien;U;La Verrière - La Défense;91.6;10.9
2017-10;Transilien;R;Paris Sud Est;85.2;5.8
2019-01;Transilien;H;Paris Nord Ouest;94.1;15.9
2017-11;RER;B;RER B;83.3;5.0
2019-01;Transilien;L;Paris Saint-Lazare Sud;91.7;11.0
2017-11;RER;D;RER D;79.2;3.8
2019-01;Transilien;U;La Verrière - La Défense;92.9;13.1
2017-11;Transilien;H;Paris Nord Ouest;88.7;7.8
2019-02;RER;A;RER A;86.9;6.6
2017-12;RER;B;RER B;84.3;5.4
2019-02;Transilien;H;Paris Nord Ouest;93.421;14.2
2017-12;RER;D;RER D;84.0;5.3
2019-03;RER;B;RER B;89.0;8.1
2017-12;RER;E;RER E;94.0;15.7
2019-03;RER;D;RER D;89.507;8.5
2017-12;Transilien;H;Paris Nord Ouest;89.4;8.4
2019-03;Transilien;R;Paris Sud Est;88.651;7.8
2017-12;Transilien;K;Paris Nord Crépy;90.0;9.0
2019-04;RER;C;RER C;90.907;10.0
2018-01;RER;A;RER A;79.6;3.9
2019-04;RER;D;RER D;87.09;6.7
2018-01;Transilien;H;Paris Nord Ouest;92.4;12.2
2019-04;Transilien;H;Paris Nord Ouest;96.27;25.8
2018-01;Transilien;U;La Verrière - La Défense;91.4;10.6
2019-04;Transilien;L;Paris Saint-Lazare Sud;93.565;14.5
2018-02;RER;B;RER B;79.8;4.0
2019-04;Transilien;N;Paris Montparnasse;94.439;17.0
2018-02;Transilien;L;Paris Saint-Lazare Sud;84.9;5.6
2019-05;RER;E;RER E;95.911;23.5
2018-03;RER;B;RER B;86.4;6.4
2019-05;Transilien;N;Paris Montparnasse;94.099;15.9
2018-03;RER;C;RER C;90.5;9.5
2013-01;RER;D;RER D;77.6;3.5
2019-05;Transilien;R;Paris Sud Est;91.536;10.8
2018-03;Transilien;J;Paris Saint-Lazare Nord;88.2;7.5
2013-01;RER;E;RER E;93.3;13.9
2019-06;RER;A;RER A;86.691;6.5
2018-03;Transilien;K;Paris Nord Crépy;93.0;13.3
2013-01;Transilien;K;Paris Nord Crépy;75.2;3.0
2019-06;RER;E;RER E;91.025;10.1
2018-03;Transilien;L;Paris Saint-Lazare Sud;89.8;8.8
2013-01;Transilien;L;Paris Saint-Lazare Sud;84.0;5.3
2019-06;Transilien;J;Paris Saint-Lazare Nord;86.187;6.2
2018-04;Transilien;J;Paris Saint-Lazare Nord;94.4;16.9
2013-02;Transilien;L;Paris Saint-Lazare Sud;82.1;4.6
2019-07;RER;E;RER E;91.031;10.1
2018-05;RER;A;RER A;82.2;4.6
2013-03;RER;C;RER C;87.6;7.1
2019-07;Transilien;K;Paris Nord Crépy;93.187;13.7
2018-05;RER;B;RER B;86.8;6.6
2013-03;Transilien;U;La Verrière - La Défense;89.2;8.3
2019-07;Transilien;P;Paris Est;82.731;4.8
2018-05;Transilien;J;Paris Saint-Lazare Nord;92.3;12.0
2013-04;RER;B;RER B;86.4;6.4
2019-08;RER;D;RER D;88.681;7.8
2018-05;Transilien;K;Paris Nord Crépy;83.1;4.9
2013-04;RER;D;RER D;82.9;4.8
2019-08;Transilien;J;Paris Saint-Lazare Nord;94.401;16.9
2018-06;RER;A;RER A;80.0;4.0
2013-04;Transilien;L;Paris Saint-Lazare Sud;84.4;5.4
2019-08;Transilien;L;Paris Saint-Lazare Sud;96.777;30.0
2018-06;RER;C;RER C;88.7;7.8
2013-04;Transilien;N;Paris Montparnasse;90.2;9.2
2019-08;Transilien;N;Paris Montparnasse;95.268;20.1
2018-06;RER;E;RER E;92.9;13.1
2013-05;Transilien;P;Paris Est;90.4;9.4
2019-08;Transilien;P;Paris Est;91.514;10.8
2018-06;Transilien;L;Paris Saint-Lazare Sud;89.9;8.9
2013-06;RER;D;RER D;85.1;5.7
2019-08;Transilien;U;La Verrière - La Défense;96.816;30.4
2018-06;Transilien;P;Paris Est;82.8;4.8
2013-06;Transilien;J;Paris Saint-Lazare Nord;83.5;5.1
2019-09;RER;B;RER B;82.206;4.6
2018-07;RER;C;RER C;88.9;8.0
2013-06;Transilien;L;Paris Saint-Lazare Sud;82.3;4.6
2019-09;Transilien;K;Paris Nord Crépy;91.221;10.4
2018-07;RER;E;RER E;90.2;9.2
2013-06;Transilien;P;Paris Est;89.4;8.4
2019-10;RER;D;RER D;79.859;4.0
2018-07;Transilien;N;Paris Montparnasse;79.0;3.8
2013-07;RER;D;RER D;85.2;5.8
2019-11;RER;C;RER C;80.676;4.2
2018-08;RER;E;RER E;94.7;17.9
2013-07;Transilien;K;Paris Nord Crépy;85.1;5.7
2019-11;Transilien;R;Paris Sud Est;86.259;6.3
2018-08;Transilien;J;Paris Saint-Lazare Nord;93.3;13.9
2013-07;Transilien;P;Paris Est;90.1;9.1
2020-02;RER;B;RER B;80.025;4.006
2018-09;RER;E;RER E;94.4;16.9
2013-08;RER;A;RER A;88.9;8.0
2020-02;RER;C;RER C;83.249;4.97
2018-09;Transilien;J;Paris Saint-Lazare Nord;87.8;7.2
2013-09;Transilien;K;Paris Nord Crépy;86.0;6.1
2020-03;Transilien;R;Paris Sud Est;85.194;5.754
2018-10;RER;C;RER C;90.4;9.4
2013-09;Transilien;L;Paris Saint-Lazare Sud;84.9;5.6
2020-06;RER;C;RER C;85.34;5.821
2018-11;RER;B;RER B;79.03;3.8
2013-09;Transilien;P;Paris Est;88.0;7.3
2020-06;Transilien;P;Paris Est;92.538;12.401
2018-11;RER;C;RER C;83.5;5.1
2013-10;RER;B;RER B;80.7;4.2
2020-07;RER;C;RER C;92.269;11.935
2018-11;Transilien;H;Paris Nord Ouest;86.8;6.6
2013-10;RER;D;RER D;79.6;3.9
2020-07;RER;D;RER D;88.805;7.932
2018-11;Transilien;J;Paris Saint-Lazare Nord;88.6;7.8
2013-10;Transilien;H;Paris Nord Ouest;94.2;16.2
2020-08;Transilien;N;Paris Montparnasse;94.968;18.872
2018-11;Transilien;K;Paris Nord Crépy;87.2;6.8
2013-10;Transilien;L;Paris Saint-Lazare Sud;82.0;4.6
2020-08;Transilien;R;Paris Sud Est;92.623;12.555
2018-11;Transilien;P;Paris Est;86.6;6.5
2013-10;Transilien;N;Paris Montparnasse;92.6;12.5
2020-09;RER;B;RER B;83.409;5.027
2018-11;Transilien;R;Paris Sud Est;82.4;4.7
2013-11;Transilien;U;La Verrière - La Défense;88.4;7.6
2020-09;Transilien;U;La Verrière - La Défense;96.659;28.932
2018-11;Transilien;U;La Verrière - La Défense;90.4;9.4
2013-12;RER;A;RER A;81.2;4.3
2020-10;RER;C;RER C;86.411;6.359
2018-12;RER;E;RER E;93.6;14.6
2013-12;Transilien;J;Paris Saint-Lazare Nord;84.4;5.4
2020-10;RER;D;RER D;86.782;6.565
2018-12;Transilien;L;Paris Saint-Lazare Sud;92.1;11.7
2013-12;Transilien;N;Paris Montparnasse;92.8;12.9
2020-10;Transilien;J;Paris Saint-Lazare Nord;89.471;8.497
2018-12;Transilien;N;Paris Montparnasse;86.0;6.1
2014-01;RER;A;RER A;81.1;4.3
2020-10;Transilien;P;Paris Est;91.472;10.726
2018-12;Transilien;P;Paris Est;87.8;7.2
2014-01;RER;B;RER B;81.3;4.3
2020-11;Transilien;N;Paris Montparnasse;90.56;9.593
2019-01;RER;D;RER D;84.0;5.3
2014-01;RER;D;RER D;86.0;6.1
2020-12;Transilien;J;Paris Saint-Lazare Nord;92.082;11.629
2019-01;Transilien;J;Paris Saint-Lazare Nord;90.0;9.0
2014-01;Transilien;J;Paris Saint-Lazare Nord;82.0;4.6
2020-12;Transilien;R;Paris Sud Est;86.989;6.686
2019-01;Transilien;K;Paris Nord Crépy;85.2;5.8
2014-02;Transilien;H;Paris Nord Ouest;96.1;24.6
2021-01;RER;D;RER D;85.923;6.104
2019-01;Transilien;R;Paris Sud Est;80.2;4.1
2014-02;Transilien;P;Paris Est;90.4;9.4
2021-01;Transilien;K;Paris Nord Crépy;94.747;18.036
2019-02;Transilien;K;Paris Nord Crépy;94.867;18.5
2014-02;Transilien;R;Paris Sud Est;85.3;5.8
2021-01;Transilien;N;Paris Montparnasse;94.618;17.58
2019-02;Transilien;L;Paris Saint-Lazare Sud;95.112;19.5
2014-02;Transilien;U;La Verrière - La Défense;92.2;11.8
2021-02;RER;A;RER A;80.019;4.005
2019-02;Transilien;N;Paris Montparnasse;92.878;13.0
2014-03;Transilien;H;Paris Nord Ouest;96.4;26.8
2021-02;Transilien;U;La Verrière - La Défense;93.66;14.773
2019-03;RER;A;RER A;88.3;7.5
2014-03;Transilien;R;Paris Sud Est;91.5;10.8
2021-03;RER;E;RER E;93.919;15.446
2019-03;Transilien;K;Paris Nord Crépy;95.243;20.0
2014-03;Transilien;U;La Verrière - La Défense;94.0;15.7
2021-03;Transilien;L;Paris Saint-Lazare Sud;95.014;19.057
2019-03;Transilien;P;Paris Est;90.751;9.8
2014-04;RER;B;RER B;88.5;7.7
2021-04;Transilien;H;Paris Nord Ouest;96.213;25.403
2019-04;Transilien;J;Paris Saint-Lazare Nord;91.837;11.3
2014-04;Transilien;K;Paris Nord Crépy;87.0;6.7
2021-04;Transilien;R;Paris Sud Est;88.236;7.501
2019-05;RER;A;RER A;88.536;7.7
2014-04;Transilien;P;Paris Est;87.9;7.3
2021-05;RER;D;RER D;90.479;9.503
2019-05;Transilien;P;Paris Est;91.624;10.9
2014-05;RER;D;RER D;85.9;6.1
2021-06;RER;E;RER E;91.71;11.063
2019-06;RER;C;RER C;86.092;6.2
2013-01;RER;C;RER C;91.9;11.3
2014-05;Transilien;L;Paris Saint-Lazare Sud;88.8;7.9
2021-06;Transilien;H;Paris Nord Ouest;92.52;12.37
2019-06;RER;D;RER D;86.267;6.3
2013-01;Transilien;J;Paris Saint-Lazare Nord;82.5;4.7
2014-05;Transilien;N;Paris Montparnasse;96.1;24.6
2021-06;Transilien;L;Paris Saint-Lazare Sud;95.616;21.811
2019-06;Transilien;K;Paris Nord Crépy;92.505;12.3
2013-01;Transilien;N;Paris Montparnasse;94.7;17.9
2014-05;Transilien;U;La Verrière - La Défense;94.0;15.7
2021-07;Transilien;R;Paris Sud Est;90.771;9.835
2019-06;Transilien;L;Paris Saint-Lazare Sud;92.117;11.7
2013-01;Transilien;R;Paris Sud Est;87.2;6.8
2014-06;Transilien;R;Paris Sud Est;86.1;6.2
2021-08;Transilien;L;Paris Saint-Lazare Sud;96.82;30.449
2019-07;RER;A;RER A;84.462;5.4
2013-01;Transilien;U;La Verrière - La Défense;92.3;12.0
2014-06;Transilien;U;La Verrière - La Défense;95.5;21.2
2021-08;Transilien;R;Paris Sud Est;91.475;10.73
2019-07;Transilien;H;Paris Nord Ouest;93.664;14.8
2013-02;RER;A;RER A;86.2;6.2
2014-07;Transilien;P;Paris Est;88.1;7.4
2021-09;RER;D;RER D;86.687;6.512
2019-07;Transilien;R;Paris Sud Est;86.516;6.4
2013-02;RER;D;RER D;79.3;3.8
2014-08;RER;B;RER B;90.7;9.8
2021-09;Transilien;K;Paris Nord Crépy;95.429;20.877
2019-08;RER;B;RER B;91.252;10.4
2013-02;Transilien;P;Paris Est;89.4;8.4
2014-08;Transilien;J;Paris Saint-Lazare Nord;87.4;6.9
2021-09;Transilien;L;Paris Saint-Lazare Sud;92.786;12.862
2019-08;Transilien;H;Paris Nord Ouest;95.009;19.0
2013-02;Transilien;U;La Verrière - La Défense;91.7;11.0
2014-08;Transilien;L;Paris Saint-Lazare Sud;92.0;11.5
2021-09;Transilien;P;Paris Est;91.338;10.544
2019-09;RER;A;RER A;87.573;7.0
2013-03;RER;B;RER B;82.7;4.8
2014-09;RER;A;RER A;70.9;2.4
2021-11;RER;B;RER B;81.05;4.277
2019-09;RER;D;RER D;86.799;6.6
2013-03;Transilien;K;Paris Nord Crépy;77.3;3.4
2014-09;Transilien;P;Paris Est;93.5;14.4
2021-11;RER;C;RER C;88.146;7.436
2019-09;RER;E;RER E;90.13;9.1
2013-03;Transilien;P;Paris Est;89.0;8.1
2014-09;Transilien;R;Paris Sud Est;88.9;8.0
2021-11;RER;D;RER D;85.489;5.891
2019-09;Transilien;J;Paris Saint-Lazare Nord;91.435;10.7
2013-04;RER;C;RER C;88.7;7.8
2014-11;RER;A;RER A;69.8;2.3
2021-11;Transilien;U;La Verrière - La Défense;93.681;14.826
2019-09;Transilien;R;Paris Sud Est;86.238;6.3
2013-04;RER;E;RER E;96.2;25.3
2014-11;Transilien;P;Paris Est;87.28;6.9
2021-12;Transilien;H;Paris Nord Ouest;96.717;29.457
2019-10;RER;A;RER A;85.823;6.1
2013-04;Transilien;P;Paris Est;92.7;12.7
2014-12;Transilien;L;Paris Saint-Lazare Sud;80.4;4.1
2019-11;RER;A;RER A;82.055;4.6
2013-05;RER;B;RER B;84.0;5.3
2015-01;RER;C;RER C;91.403;10.6
2019-11;RER;B;RER B;78.263;3.6
2013-05;Transilien;H;Paris Nord Ouest;95.9;23.4
2015-02;RER;B;RER B;85.397;5.8
2019-11;Transilien;H;Paris Nord Ouest;93.784;15.1
2013-05;Transilien;R;Paris Sud Est;93.0;13.3
2015-02;RER;C;RER C;91.609;10.9
2019-11;Transilien;J;Paris Saint-Lazare Nord;88.022;7.3
2013-06;RER;C;RER C;90.3;9.3
2015-02;RER;D;RER D;87.642;7.1
2020-02;RER;A;RER A;83.008;4.885
2013-07;RER;A;RER A;83.2;5.0
2015-02;RER;E;RER E;94.074;15.9
2020-03;RER;A;RER A;89.859;8.861
2013-07;RER;C;RER C;90.8;9.9
2015-02;Transilien;H;Paris Nord Ouest;94.178;16.2
2020-03;Transilien;U;La Verrière - La Défense;99.411;168.685
2013-07;RER;E;RER E;94.0;15.7
2015-03;RER;B;RER B;89.854;8.9
2020-06;RER;A;RER A;83.835;5.186
2013-07;Transilien;H;Paris Nord Ouest;94.4;16.9
2015-03;Transilien;P;Paris Est;93.254;13.8
2020-06;RER;D;RER D;90.639;9.683
2013-08;RER;E;RER E;95.4;20.7
2015-03;Transilien;R;Paris Sud Est;90.349;9.4
2020-06;RER;E;RER E;89.21;8.268
2013-08;Transilien;K;Paris Nord Crépy;88.3;7.5
2015-04;RER;D;RER D;86.555;6.4
2020-06;Transilien;H;Paris Nord Ouest;92.918;13.119
2013-08;Transilien;P;Paris Est;92.1;11.7
2015-05;Transilien;J;Paris Saint-Lazare Nord;90.925;10.0
2020-07;RER;E;RER E;93.793;15.111
2013-08;Transilien;U;La Verrière - La Défense;95.3;20.3
2015-05;Transilien;K;Paris Nord Crépy;91.384;10.6
2020-07;Transilien;P;Paris Est;90.454;9.475
2013-09;RER;B;RER B;86.6;6.5
2015-05;Transilien;R;Paris Sud Est;85.632;6.0
2020-08;RER;A;RER A;85.83;6.057
2013-09;RER;C;RER C;93.1;13.5
2015-05;Transilien;U;La Verrière - La Défense;94.944;18.8
2020-08;RER;E;RER E;91.532;10.809
2013-09;Transilien;N;Paris Montparnasse;92.7;12.7
2015-06;Transilien;N;Paris Montparnasse;87.838;7.2
2020-08;Transilien;K;Paris Nord Crépy;76.914;3.332
2013-09;Transilien;U;La Verrière - La Défense;92.9;13.1
2015-07;RER;C;RER C;88.3;7.5
2020-08;Transilien;L;Paris Saint-Lazare Sud;95.972;23.829
2013-10;RER;E;RER E;95.2;19.8
2015-07;RER;E;RER E;93.5;14.4
2020-09;Transilien;J;Paris Saint-Lazare Nord;91.481;10.738
2013-10;Transilien;P;Paris Est;87.3;6.9
2015-07;Transilien;N;Paris Montparnasse;90.6;9.6
2020-09;Transilien;N;Paris Montparnasse;93.646;14.737
2013-11;RER;A;RER A;80.9;4.2
2015-07;Transilien;U;La Verrière - La Défense;92.3;12.0
2020-09;Transilien;P;Paris Est;92.999;13.283
2013-11;Transilien;H;Paris Nord Ouest;93.1;13.5
2015-08;Transilien;L;Paris Saint-Lazare Sud;89.9;8.9
2020-10;RER;B;RER B;82.877;4.84
2013-11;Transilien;K;Paris Nord Crépy;77.7;3.5
2015-08;Transilien;N;Paris Montparnasse;96.3;26.0
2020-10;Transilien;H;Paris Nord Ouest;92.641;12.59
2013-11;Transilien;L;Paris Saint-Lazare Sud;77.8;3.5
2015-09;RER;D;RER D;87.083;6.7
2020-11;RER;D;RER D;89.029;8.115
2013-11;Transilien;P;Paris Est;82.8;4.8
2015-09;RER;E;RER E;89.903;8.9
2020-11;Transilien;J;Paris Saint-Lazare Nord;92.976;13.238
2013-12;RER;C;RER C;90.9;10.0
2015-09;Transilien;J;Paris Saint-Lazare Nord;85.144;5.7
2020-11;Transilien;U;La Verrière - La Défense;95.831;22.986
2013-12;Transilien;L;Paris Saint-Lazare Sud;83.0;4.9
2015-09;Transilien;L;Paris Saint-Lazare Sud;84.187;5.3
2020-12;Transilien;H;Paris Nord Ouest;96.386;26.667
2014-01;RER;C;RER C;91.4;10.6
2015-10;RER;B;RER B;89.983;9.0
2020-12;Transilien;K;Paris Nord Crépy;94.445;17.001
2014-01;RER;E;RER E;93.6;14.6
2015-10;RER;D;RER D;84.198;5.3
2020-12;Transilien;N;Paris Montparnasse;95.478;21.112
2014-01;Transilien;L;Paris Saint-Lazare Sud;82.3;4.6
2015-10;RER;E;RER E;94.987;18.9
2020-12;Transilien;P;Paris Est;92.782;12.854
2014-01;Transilien;N;Paris Montparnasse;96.1;24.6
2015-10;Transilien;N;Paris Montparnasse;87.447;7.0
2021-01;RER;C;RER C;90.068;9.068
2014-02;RER;A;RER A;85.7;6.0
2015-11;Transilien;P;Paris Est;87.9;7.3
2021-01;Transilien;J;Paris Saint-Lazare Nord;92.064;11.6
2014-02;RER;C;RER C;90.8;9.9
2015-12;RER;A;RER A;70.158;2.4
2021-02;Transilien;L;Paris Saint-Lazare Sud;89.43;8.46
2014-03;RER;D;RER D;87.9;7.3
2015-12;RER;C;RER C;90.3;9.3
2021-02;Transilien;N;Paris Montparnasse;90.186;9.189
2014-03;RER;E;RER E;94.4;16.9
2016-01;RER;C;RER C;89.9;8.9
2021-03;RER;D;RER D;90.802;9.872
2014-04;Transilien;U;La Verrière - La Défense;94.5;17.2
2016-01;Transilien;H;Paris Nord Ouest;95.7;22.3
2021-03;Transilien;J;Paris Saint-Lazare Nord;93.796;15.12
2014-05;RER;E;RER E;93.3;13.9
2016-02;RER;E;RER E;93.1;13.5
2021-03;Transilien;U;La Verrière - La Défense;95.385;20.667
2014-05;Transilien;K;Paris Nord Crépy;91.9;11.3
2016-02;Transilien;H;Paris Nord Ouest;95.1;19.4
2021-04;RER;A;RER A;94.699;17.866
2014-06;RER;D;RER D;85.2;5.8
2016-02;Transilien;K;Paris Nord Crépy;85.5;5.9
2021-04;RER;C;RER C;93.323;13.977
2014-07;RER;A;RER A;70.5;2.4
2016-02;Transilien;P;Paris Est;88.1;7.4
2021-04;Transilien;U;La Verrière - La Défense;95.583;21.638
2014-07;RER;C;RER C;83.9;5.2
2016-03;RER;B;RER B;89.5;8.5
2021-05;Transilien;L;Paris Saint-Lazare Sud;97.506;39.092
2014-07;RER;D;RER D;86.6;6.5
2016-03;RER;D;RER D;84.3;5.4
2021-06;RER;C;RER C;92.793;12.876
2014-07;Transilien;J;Paris Saint-Lazare Nord;85.9;6.1
2016-03;Transilien;H;Paris Nord Ouest;92.7;12.7
2021-06;RER;D;RER D;89.316;8.36
2014-07;Transilien;K;Paris Nord Crépy;87.6;7.1
2016-04;RER;C;RER C;90.6;9.6
2021-06;Transilien;U;La Verrière - La Défense;95.997;23.983
2014-07;Transilien;N;Paris Montparnasse;94.2;16.2
2016-05;RER;B;RER B;86.0;6.1
2021-07;RER;C;RER C;92.668;12.639
2014-08;RER;C;RER C;93.9;15.4
2016-05;Transilien;H;Paris Nord Ouest;96.1;24.6
2021-07;Transilien;H;Paris Nord Ouest;96.649;28.844
2014-08;RER;E;RER E;96.0;24.0
2016-05;Transilien;J;Paris Saint-Lazare Nord;87.7;7.1
2021-07;Transilien;N;Paris Montparnasse;95.475;21.1
2014-09;Transilien;K;Paris Nord Crépy;92.1;11.7
2016-07;RER;D;RER D;85.8;6.0
2021-07;Transilien;P;Paris Est;92.354;12.078
2014-10;RER;E;RER E;94.0;15.7
2016-07;RER;E;RER E;89.9;8.9
2021-08;RER;B;RER B;75.721;3.119
2014-10;Transilien;J;Paris Saint-Lazare Nord;83.4;5.0
2016-07;Transilien;N;Paris Montparnasse;94.7;17.9
2021-08;Transilien;H;Paris Nord Ouest;96.92;31.471
2014-10;Transilien;L;Paris Saint-Lazare Sud;82.4;4.7
2016-08;Transilien;J;Paris Saint-Lazare Nord;86.3;6.3
2021-08;Transilien;J;Paris Saint-Lazare Nord;96.661;28.949
2014-11;RER;D;RER D;84.779;5.6
2016-08;Transilien;K;Paris Nord Crépy;89.4;8.4
2021-08;Transilien;P;Paris Est;94.686;17.818
2014-11;RER;E;RER E;95.665;22.1
2016-09;Transilien;R;Paris Sud Est;87.4;6.9
2021-09;RER;C;RER C;93.155;13.609
2014-11;Transilien;J;Paris Saint-Lazare Nord;85.776;6.0
2016-10;Transilien;H;Paris Nord Ouest;95.6;21.7
2021-09;Transilien;H;Paris Nord Ouest;96.309;26.093
2014-11;Transilien;K;Paris Nord Crépy;84.573;5.5
2016-10;Transilien;R;Paris Sud Est;83.1;4.9
2021-09;Transilien;N;Paris Montparnasse;94.706;17.891
2014-11;Transilien;L;Paris Saint-Lazare Sud;81.31;4.4
2016-11;RER;C;RER C;86.4;6.4
2021-10;RER;B;RER B;80.334;4.085
2014-11;Transilien;N;Paris Montparnasse;91.45;10.7
2016-11;Transilien;P;Paris Est;87.7;7.1
2021-10;RER;C;RER C;88.074;7.385
2014-12;RER;E;RER E;92.7;12.7
2016-12;RER;C;RER C;87.7;7.1
2021-10;RER;D;RER D;85.249;5.779
2014-12;Transilien;H;Paris Nord Ouest;94.1;15.9
2017-01;Transilien;K;Paris Nord Crépy;95.7;22.3
2021-10;Transilien;N;Paris Montparnasse;92.358;12.086
2015-01;RER;D;RER D;86.563;6.4
2017-01;Transilien;R;Paris Sud Est;88.8;7.9
2021-11;RER;A;RER A;86.061;6.174
2015-01;RER;E;RER E;94.905;18.6
2017-01;Transilien;U;La Verrière - La Défense;95.2;19.8
2021-11;RER;E;RER E;93.918;15.443
2015-01;Transilien;K;Paris Nord Crépy;87.18;6.8
2017-02;RER;E;RER E;93.0;13.3
2021-11;Transilien;H;Paris Nord Ouest;96.376;26.592
2015-01;Transilien;L;Paris Saint-Lazare Sud;82.137;4.6
2017-02;Transilien;P;Paris Est;91.8;11.2
2021-11;Transilien;R;Paris Sud Est;89.031;8.116
2015-02;Transilien;K;Paris Nord Crépy;85.087;5.7
2017-03;RER;A;RER A;71.0;2.4
2021-12;RER;D;RER D;87.57;7.045
2015-02;Transilien;U;La Verrière - La Défense;91.446;10.7
2017-03;RER;C;RER C;89.5;8.5
2021-12;Transilien;K;Paris Nord Crépy;96.982;32.139
2015-03;RER;A;RER A;71.955;2.6
2017-03;RER;E;RER E;94.2;16.2
2021-12;Transilien;P;Paris Est;92.876;13.038
2015-04;RER;B;RER B;86.173;6.2
2017-03;Transilien;H;Paris Nord Ouest;90.4;9.4
2015-04;Transilien;H;Paris Nord Ouest;95.079;19.3
2017-03;Transilien;J;Paris Saint-Lazare Nord;92.8;12.9
2015-04;Transilien;J;Paris Saint-Lazare Nord;90.79;9.9
2017-04;RER;E;RER E;93.5;14.4
2015-04;Transilien;K;Paris Nord Crépy;86.185;6.2
2017-04;Transilien;H;Paris Nord Ouest;89.5;8.5
2015-04;Transilien;R;Paris Sud Est;86.115;6.2
2017-04;Transilien;J;Paris Saint-Lazare Nord;92.4;12.2
2015-04;Transilien;U;La Verrière - La Défense;93.168;13.6
2017-04;Transilien;R;Paris Sud Est;83.6;5.1
2015-05;RER;D;RER D;86.377;6.3
2017-05;RER;E;RER E;91.693;11.0
2015-05;Transilien;L;Paris Saint-Lazare Sud;85.842;6.1
2017-05;Transilien;H;Paris Nord Ouest;79.812;4.0
2015-05;Transilien;P;Paris Est;92.703;12.7
2017-05;Transilien;J;Paris Saint-Lazare Nord;90.617;9.7
2015-06;Transilien;J;Paris Saint-Lazare Nord;88.972;8.1
2017-05;Transilien;N;Paris Montparnasse;89.215;8.3
2015-06;Transilien;P;Paris Est;88.835;8.0
2017-05;Transilien;U;La Verrière - La Défense;89.266;8.3
2015-07;RER;A;RER A;73.1;2.7
2017-06;Transilien;H;Paris Nord Ouest;86.436;6.4
2015-07;Transilien;R;Paris Sud Est;88.8;7.9
2017-06;Transilien;N;Paris Montparnasse;90.031;9.0
2015-09;RER;C;RER C;90.693;9.7
2017-07;RER;C;RER C;89.405;8.4
2015-10;Transilien;J;Paris Saint-Lazare Nord;87.99;7.3
2017-07;Transilien;J;Paris Saint-Lazare Nord;91.211;10.4
2015-10;Transilien;R;Paris Sud Est;85.045;5.7
2017-08;RER;B;RER B;93.2;13.7
2015-11;RER;B;RER B;86.6;6.5
2017-08;RER;D;RER D;91.0;10.1
2015-11;RER;C;RER C;85.8;6.0
2017-08;Transilien;P;Paris Est;92.2;11.8
2015-12;Transilien;H;Paris Nord Ouest;96.2;25.3
2017-09;RER;D;RER D;85.3;5.8
2015-12;Transilien;K;Paris Nord Crépy;85.9;6.1
2017-10;RER;A;RER A;69.9;2.3
2016-01;RER;A;RER A;69.1;2.2
2017-11;Transilien;K;Paris Nord Crépy;90.3;9.3
2016-01;RER;B;RER B;85.5;5.9
2017-12;Transilien;L;Paris Saint-Lazare Sud;86.3;6.3
2016-01;RER;D;RER D;81.4;4.4
2017-12;Transilien;N;Paris Montparnasse;86.0;6.1
2016-01;Transilien;K;Paris Nord Crépy;81.5;4.4
2017-12;Transilien;U;La Verrière - La Défense;91.4;10.6
2016-01;Transilien;N;Paris Montparnasse;92.1;11.7
2018-01;Transilien;N;Paris Montparnasse;90.5;9.5
2016-02;RER;B;RER B;86.9;6.6
2018-02;RER;E;RER E;81.5;4.4
2016-02;Transilien;L;Paris Saint-Lazare Sud;89.4;8.4
2018-02;Transilien;U;La Verrière - La Défense;86.3;6.3
2016-02;Transilien;U;La Verrière - La Défense;96.8;30.3
2018-03;RER;E;RER E;93.0;13.3
2016-03;RER;E;RER E;95.7;22.3
2018-04;RER;A;RER A;80.8;4.2
2016-03;Transilien;K;Paris Nord Crépy;85.8;6.0
2018-04;RER;C;RER C;94.5;17.2
2016-03;Transilien;R;Paris Sud Est;90.8;9.9
2018-04;RER;E;RER E;94.4;16.9
2016-04;Transilien;K;Paris Nord Crépy;89.8;8.8
2018-04;Transilien;H;Paris Nord Ouest;95.4;20.7
2016-04;Transilien;R;Paris Sud Est;90.1;9.1
2018-05;RER;C;RER C;94.1;15.9
2016-05;Transilien;L;Paris Saint-Lazare Sud;87.3;6.9
2018-06;Transilien;U;La Verrière - La Défense;92.4;12.2
2016-05;Transilien;N;Paris Montparnasse;89.9;8.9
2018-07;Transilien;H;Paris Nord Ouest;93.5;14.4
2016-05;Transilien;P;Paris Est;88.0;7.3
2018-07;Transilien;L;Paris Saint-Lazare Sud;89.3;8.3
2016-06;RER;B;RER B;88.1;7.4
2018-07;Transilien;U;La Verrière - La Défense;85.3;5.8
2016-06;Transilien;H;Paris Nord Ouest;93.8;15.1
2018-08;Transilien;H;Paris Nord Ouest;96.7;29.3
2016-06;Transilien;N;Paris Montparnasse;80.3;4.1
2018-08;Transilien;N;Paris Montparnasse;82.1;4.6
2016-07;RER;A;RER A;73.0;2.7
2018-08;Transilien;R;Paris Sud Est;84.1;5.3
2016-07;Transilien;L;Paris Saint-Lazare Sud;87.6;7.1
2018-09;Transilien;K;Paris Nord Crépy;96.0;24.0
2016-07;Transilien;U;La Verrière - La Défense;96.5;27.6
2018-09;Transilien;R;Paris Sud Est;87.7;7.1
2016-08;Transilien;N;Paris Montparnasse;92.0;11.5
2018-10;Transilien;J;Paris Saint-Lazare Nord;88.3;7.5
2016-08;Transilien;R;Paris Sud Est;89.4;8.4
2018-10;Transilien;U;La Verrière - La Défense;95.0;19.0
2016-09;RER;A;RER A;70.9;2.4
2018-11;Transilien;L;Paris Saint-Lazare Sud;88.2;7.5
2016-09;RER;C;RER C;88.6;7.8
2018-11;Transilien;N;Paris Montparnasse;87.6;7.1
2016-09;Transilien;K;Paris Nord Crépy;96.3;26.0
2018-12;RER;A;RER A;84.2;5.3
2016-10;RER;B;RER B;83.7;5.1
2018-12;Transilien;R;Paris Sud Est;85.3;5.8
2016-10;RER;D;RER D;84.9;5.6
2019-01;RER;E;RER E;92.0;11.5
2016-10;Transilien;J;Paris Saint-Lazare Nord;90.7;9.8
2019-01;Transilien;N;Paris Montparnasse;87.1;6.8
2016-11;RER;A;RER A;65.9;1.9
2019-02;Transilien;J;Paris Saint-Lazare Nord;91.762;11.1
2016-11;RER;E;RER E;93.0;13.3
2019-02;Transilien;P;Paris Est;86.513;6.4
2016-11;Transilien;J;Paris Saint-Lazare Nord;86.4;6.4
2019-02;Transilien;R;Paris Sud Est;84.265;5.4
2016-11;Transilien;K;Paris Nord Crépy;96.1;24.6
2019-03;Transilien;H;Paris Nord Ouest;96.317;26.2
2016-12;RER;A;RER A;66.7;2.0
2019-03;Transilien;J;Paris Saint-Lazare Nord;91.707;11.1
2016-12;RER;E;RER E;94.0;15.7
2019-03;Transilien;L;Paris Saint-Lazare Sud;93.823;15.2
2017-02;Transilien;K;Paris Nord Crépy;94.6;17.5
2019-04;RER;B;RER B;87.7;7.1
2017-02;Transilien;U;La Verrière - La Défense;95.5;21.2
2019-04;Transilien;R;Paris Sud Est;88.984;8.1
2017-03;Transilien;L;Paris Saint-Lazare Sud;90.1;9.1
2019-04;Transilien;U;La Verrière - La Défense;97.068;33.1
2017-04;RER;D;RER D;86.3;6.3
2019-05;RER;B;RER B;89.254;8.3
2017-04;Transilien;K;Paris Nord Crépy;93.4;14.2
2019-05;RER;C;RER C;90.955;10.1
2017-05;RER;A;RER A;70.889;2.4
2019-05;Transilien;H;Paris Nord Ouest;92.613;12.5
2017-05;RER;D;RER D;87.028;6.7
2019-05;Transilien;K;Paris Nord Crépy;92.738;12.8
2017-05;Transilien;K;Paris Nord Crépy;87.682;7.1
2019-06;Transilien;H;Paris Nord Ouest;92.945;13.2
2017-05;Transilien;R;Paris Sud Est;84.346;5.4
2019-06;Transilien;N;Paris Montparnasse;92.417;12.2
2017-06;RER;C;RER C;85.009;5.7
2019-06;Transilien;U;La Verrière - La Défense;94.129;16.0
2017-06;Transilien;J;Paris Saint-Lazare Nord;89.879;8.9
2019-07;RER;B;RER B;84.912;5.6
2017-06;Transilien;U;La Verrière - La Défense;91.709;11.1
2019-07;RER;C;RER C;87.219;6.8
2017-07;RER;E;RER E;88.33;7.6
2019-07;Transilien;J;Paris Saint-Lazare Nord;90.894;10.0
2017-07;Transilien;P;Paris Est;87.231;6.8
2019-07;Transilien;L;Paris Saint-Lazare Sud;93.741;15.0
2017-07;Transilien;U;La Verrière - La Défense;92.59;12.5
2019-07;Transilien;N;Paris Montparnasse;92.452;12.2
2017-08;RER;A;RER A;88.09;7.4
2019-10;RER;E;RER E;91.415;10.6
2017-08;RER;E;RER E;94.5;17.2
2019-10;Transilien;H;Paris Nord Ouest;90.329;9.3
2017-08;Transilien;H;Paris Nord Ouest;97.6;40.7
2019-10;Transilien;K;Paris Nord Crépy;86.629;6.5
2017-08;Transilien;N;Paris Montparnasse;92.0;11.5
2019-11;Transilien;K;Paris Nord Crépy;93.756;15.0
2017-08;Transilien;U;La Verrière - La Défense;96.1;24.6
2019-11;Transilien;N;Paris Montparnasse;91.196;10.4
2017-09;RER;C;RER C;92.3;12.0
2019-11;Transilien;P;Paris Est;87.341;6.9
2017-09;Transilien;L;Paris Saint-Lazare Sud;88.1;7.4
2020-02;Transilien;K;Paris Nord Crépy;93.155;13.609
2017-10;RER;C;RER C;89.4;8.4
2020-02;Transilien;N;Paris Montparnasse;92.126;11.699
2017-10;RER;E;RER E;91.8;11.2
2020-02;Transilien;R;Paris Sud Est;80.723;4.188
2017-10;Transilien;U;La Verrière - La Défense;92.1;11.7
2020-02;Transilien;U;La Verrière - La Défense;95.379;20.64
2017-11;RER;A;RER A;71.02;2.5
2020-03;Transilien;J;Paris Saint-Lazare Nord;90.737;9.795
2017-11;RER;C;RER C;85.8;6.0
2020-03;Transilien;L;Paris Saint-Lazare Sud;94.21;16.271
2017-12;RER;C;RER C;88.7;7.8
2020-03;Transilien;N;Paris Montparnasse;95.275;20.163
2017-12;Transilien;J;Paris Saint-Lazare Nord;85.8;6.0
2020-06;Transilien;K;Paris Nord Crépy;92.545;12.414
2017-12;Transilien;P;Paris Est;91.5;10.8
2020-06;Transilien;L;Paris Saint-Lazare Sud;93.307;13.94
2018-01;Transilien;J;Paris Saint-Lazare Nord;92.2;11.8
2020-06;Transilien;N;Paris Montparnasse;90.864;9.946
2018-01;Transilien;L;Paris Saint-Lazare Sud;89.8;8.8
2020-07;RER;A;RER A;89.038;8.122
2018-02;RER;C;RER C;82.9;4.8
2020-07;Transilien;L;Paris Saint-Lazare Sud;96.892;31.171
2018-02;Transilien;J;Paris Saint-Lazare Nord;84.1;5.3
2020-07;Transilien;R;Paris Sud Est;90.137;9.139
2018-02;Transilien;K;Paris Nord Crépy;88.7;7.8
2020-07;Transilien;U;La Verrière - La Défense;96.83;30.542
2018-02;Transilien;N;Paris Montparnasse;82.7;4.8
2020-08;Transilien;H;Paris Nord Ouest;90.715;9.77
2018-03;RER;A;RER A;81.3;4.3
2020-09;RER;A;RER A;87.412;6.944
2018-03;Transilien;H;Paris Nord Ouest;93.7;14.9
2020-09;Transilien;R;Paris Sud Est;90.616;9.656
2018-03;Transilien;P;Paris Est;91.5;10.8
2020-10;RER;A;RER A;82.491;4.711
2018-03;Transilien;R;Paris Sud Est;86.0;6.1
2020-10;Transilien;K;Paris Nord Crépy;87.645;7.094
2018-04;RER;D;RER D;90.5;9.5
2020-10;Transilien;L;Paris Saint-Lazare Sud;91.109;10.248
2018-04;Transilien;L;Paris Saint-Lazare Sud;96.1;24.6
2020-10;Transilien;N;Paris Montparnasse;93.261;13.84
2018-05;Transilien;H;Paris Nord Ouest;90.8;9.9
2020-10;Transilien;R;Paris Sud Est;87.883;7.253
2018-05;Transilien;N;Paris Montparnasse;92.1;11.7
2020-11;RER;A;RER A;90.137;9.138
2018-05;Transilien;P;Paris Est;87.2;6.8
2020-11;RER;B;RER B;87.683;7.119
2018-05;Transilien;U;La Verrière - La Défense;94.4;16.9
2020-11;RER;E;RER E;95.313;20.333
2018-06;Transilien;K;Paris Nord Crépy;94.4;16.9
2020-11;Transilien;K;Paris Nord Crépy;94.156;16.11
2018-07;Transilien;R;Paris Sud Est;81.7;4.5
2020-12;RER;D;RER D;87.554;7.035
2018-08;RER;B;RER B;89.0;8.1
2020-12;Transilien;U;La Verrière - La Défense;96.436;27.056
2018-09;RER;C;RER C;90.0;9.0
2021-01;RER;B;RER B;85.704;5.995
2018-09;RER;D;RER D;84.5;5.5
2021-01;RER;E;RER E;94.692;17.841
2018-10;Transilien;K;Paris Nord Crépy;88.2;7.5
2021-01;Transilien;H;Paris Nord Ouest;94.673;17.774
2018-10;Transilien;L;Paris Saint-Lazare Sud;91.6;10.9
2021-01;Transilien;P;Paris Est;91.682;11.023
2018-10;Transilien;P;Paris Est;86.4;6.4
2021-01;Transilien;R;Paris Sud Est;89.271;8.32
2018-10;Transilien;R;Paris Sud Est;90.0;9.0
2021-01;Transilien;U;La Verrière - La Défense;96.954;31.833
2018-12;RER;C;RER C;87.3;6.9
2021-02;Transilien;P;Paris Est;89.8;8.804
2018-12;RER;D;RER D;87.0;6.7
2021-02;Transilien;R;Paris Sud Est;85.204;5.759
2018-12;Transilien;H;Paris Nord Ouest;93.2;13.7
2021-03;RER;C;RER C;93.572;14.558
2018-12;Transilien;J;Paris Saint-Lazare Nord;88.5;7.7
2021-03;Transilien;H;Paris Nord Ouest;95.975;23.847
2019-01;RER;A;RER A;85.0;5.7
2021-04;RER;D;RER D;91.856;11.28
2019-01;Transilien;P;Paris Est;85.2;5.8
2021-04;Transilien;N;Paris Montparnasse;93.668;14.793
2019-02;Transilien;U;La Verrière - La Défense;96.535;27.9
2021-04;Transilien;P;Paris Est;94.975;18.901
2019-03;RER;C;RER C;91.655;11.0
2021-05;RER;E;RER E;95.751;22.536
2019-03;RER;E;RER E;95.286;20.2
2021-05;Transilien;H;Paris Nord Ouest;96.324;26.206
2019-04;RER;A;RER A;89.4;8.4
2021-05;Transilien;P;Paris Est;95.122;19.5
2019-04;Transilien;P;Paris Est;90.178;9.2
2021-06;RER;A;RER A;90.045;9.045
2019-05;RER;D;RER D;87.432;7.0
2021-06;RER;B;RER B;82.345;4.664
2019-05;Transilien;J;Paris Saint-Lazare Nord;91.964;11.4
2021-06;Transilien;J;Paris Saint-Lazare Nord;90.195;9.199
2019-05;Transilien;L;Paris Saint-Lazare Sud;91.796;11.2
2021-06;Transilien;K;Paris Nord Crépy;92.56;12.441
2019-05;Transilien;U;La Verrière - La Défense;93.95;15.5
2021-07;RER;A;RER A;88.621;7.788
2019-06;RER;B;RER B;84.57;5.5
2021-07;Transilien;L;Paris Saint-Lazare Sud;96.63;28.672
2019-06;Transilien;P;Paris Est;86.779;6.6
2021-07;Transilien;U;La Verrière - La Défense;97.489;38.828
2019-06;Transilien;R;Paris Sud Est;83.92;5.2
2021-08;RER;A;RER A;91.153;10.303
2019-07;Transilien;U;La Verrière - La Défense;95.068;19.3
2021-08;RER;C;RER C;95.165;19.683
2019-08;RER;C;RER C;93.393;14.1
2021-08;Transilien;N;Paris Montparnasse;96.911;31.373
2019-08;RER;E;RER E;85.001;5.7
2021-09;Transilien;J;Paris Saint-Lazare Nord;93.138;13.574
2019-08;Transilien;R;Paris Sud Est;86.617;6.5
2021-10;RER;A;RER A;86.592;6.458
2019-09;RER;C;RER C;89.033;8.1
2021-10;Transilien;P;Paris Est;89.298;8.344
2019-10;RER;C;RER C;82.873;4.8
2021-10;Transilien;R;Paris Sud Est;80.11;4.028
2019-10;Transilien;R;Paris Sud Est;81.091;4.3
2021-11;Transilien;J;Paris Saint-Lazare Nord;91.691;11.035
2019-11;RER;D;RER D;83.007;4.9
2021-11;Transilien;K;Paris Nord Crépy;93.467;14.308
2019-11;RER;E;RER E;91.331;10.5
2021-11;Transilien;L;Paris Saint-Lazare Sud;92.772;12.834
2019-11;Transilien;U;La Verrière - La Défense;96.521;27.7
2021-12;RER;A;RER A;88.986;8.079
2020-02;RER;D;RER D;84.304;5.371
2021-12;RER;C;RER C;90.559;9.592
2020-02;RER;E;RER E;88.05;7.368
2020-02;Transilien;H;Paris Nord Ouest;90.557;9.59
2020-02;Transilien;P;Paris Est;89.116;8.187
2020-03;RER;E;RER E;90.362;9.375
2020-03;Transilien;H;Paris Nord Ouest;95.134;19.552
2020-06;RER;B;RER B;86.187;6.24
2020-06;Transilien;J;Paris Saint-Lazare Nord;91.012;10.126
2020-06;Transilien;R;Paris Sud Est;88.994;8.086
2020-07;RER;B;RER B;89.142;8.21
2020-07;Transilien;J;Paris Saint-Lazare Nord;92.495;12.324
2020-08;Transilien;J;Paris Saint-Lazare Nord;93.514;14.417
2020-08;Transilien;P;Paris Est;90.729;9.786
2020-08;Transilien;U;La Verrière - La Défense;96.763;29.897
2020-09;RER;E;RER E;92.264;11.927
2020-09;Transilien;K;Paris Nord Crépy;93.599;14.622
2020-10;RER;E;RER E;92.796;12.882
2020-10;Transilien;U;La Verrière - La Défense;95.879;23.268
2020-11;Transilien;L;Paris Saint-Lazare Sud;96.193;25.268
2020-11;Transilien;R;Paris Sud Est;90.476;9.5
2020-12;RER;E;RER E;93.577;14.569
2021-01;RER;A;RER A;83.676;5.126
2021-01;Transilien;L;Paris Saint-Lazare Sud;95.988;23.923
2021-02;RER;C;RER C;86.4;6.353
2021-02;Transilien;J;Paris Saint-Lazare Nord;87.613;7.073
2021-02;Transilien;K;Paris Nord Crépy;90.965;10.068
2021-03;RER;B;RER B;88.663;7.821
2021-03;Transilien;K;Paris Nord Crépy;94.88;18.531
2021-03;Transilien;N;Paris Montparnasse;92.696;12.691
2021-04;RER;E;RER E;95.648;21.978
2021-04;Transilien;J;Paris Saint-Lazare Nord;95.641;21.943
2021-04;Transilien;K;Paris Nord Crépy;93.628;14.695
2021-04;Transilien;L;Paris Saint-Lazare Sud;97.407;37.565
2021-05;RER;B;RER B;89.953;8.953
2021-05;Transilien;J;Paris Saint-Lazare Nord;96.101;24.65
2021-05;Transilien;K;Paris Nord Crépy;95.799;22.803
2021-05;Transilien;N;Paris Montparnasse;93.919;15.444
2021-05;Transilien;R;Paris Sud Est;88.801;7.929
2021-05;Transilien;U;La Verrière - La Défense;97.197;34.677
2021-06;Transilien;P;Paris Est;88.148;7.438
2021-07;RER;B;RER B;85.101;5.712
2021-07;RER;D;RER D;88.484;7.684
2021-07;Transilien;J;Paris Saint-Lazare Nord;93.669;14.796
2021-08;RER;D;RER D;88.909;8.017
2021-08;RER;E;RER E;95.883;23.292
2021-08;Transilien;K;Paris Nord Crépy;95.36;20.554
2021-09;RER;E;RER E;93.969;15.581
2021-10;RER;E;RER E;94.505;17.199
2021-10;Transilien;H;Paris Nord Ouest;91.82;11.225
2021-10;Transilien;K;Paris Nord Crépy;83.724;5.144
2021-10;Transilien;L;Paris Saint-Lazare Sud;91.722;11.08
2021-11;Transilien;N;Paris Montparnasse;91.513;10.783
2021-11;Transilien;P;Paris Est;87.623;7.08
2021-12;RER;E;RER E;95.654;22.01
2021-12;Transilien;L;Paris Saint-Lazare Sud;95.018;19.073
2021-12;Transilien;R;Paris Sud Est;89.154;8.22
2021-12;Transilien;U;La Verrière - La Défense;97.179;34.447
